source_id,source_name,url,status,articles_found,error,checked_at
al_wasat,Al Wasat,https://news.google.com/rss/search?q=site%3Aalwasat.ly%20%D9%84%D9%8A%D8%A8%D9%8A%D8%A7&hl=ar&gl=LY&ceid=LY:ar,ok,45,,2026-07-02T06:30:09Z
rna_reportage,RNA,https://reportage.ly/category/%d9%84%d9%8a%d8%a8%d9%8a%d8%a7/feed/,ok,8,,2026-07-02T06:30:12Z
ean_libya,Ean Libya,https://www.eanlibya.com/libya/feed/,ok,46,,2026-07-02T06:30:19Z
libya_observer,Libya Observer,https://news.google.com/rss/search?q=site%3Alibyaobserver.ly%20Libya&hl=en-US&gl=US&ceid=US:en,ok,8,,2026-07-02T06:30:27Z
libya_review,Libya Review,https://libyareview.com/category/libya/feed/,ok,7,,2026-07-02T06:30:32Z
al_shahed,Al Shahed,https://lywitness.com/category/%d8%a3%d8%ae%d8%a8%d8%a7%d8%b1-%d9%84%d9%8a%d8%a8%d9%8a%d8%a7/feed/,ok,16,,2026-07-02T06:30:39Z
al_marsad,Al Marsad,https://almarsad.co/category/%d9%85%d8%ad%d9%84%d9%8a/feed/,ok,51,,2026-07-02T06:30:48Z
libya_24,Libya 24,https://libya24.tv/category/tie-world/national-news/feed/,ok,16,,2026-07-02T06:31:12Z
al_saaa_24,Alsaaa 24,https://www.alsaaa24.com/feed/,ok,35,,2026-07-02T06:31:40Z
address_libya,Address Libya,https://www.addresslibya.com/news/libya-news/feed/,ok,12,,2026-07-02T06:31:48Z
lana,LANA,https://lana.gov.ly/category.php?lang=ar&id=5&page=1,ok,25,,2026-07-02T06:32:04Z
lana_6,LANA,https://lana.gov.ly/category.php?lang=ar&id=6&page=1,ok,7,,2026-07-02T06:32:08Z
lana_21,LANA,https://lana.gov.ly/category.php?lang=ar&id=21&page=1,ok,21,,2026-07-02T06:32:17Z
asharq_al_awsat,Asharq Al Awsat,https://aawsat.com/feed/,ok,3,,2026-07-02T06:32:18Z
fawasel_media,Fawasel Media,https://fawaselmedia.com/category/politics/feed/,empty,0,,2026-07-02T06:32:26Z
tanasuh,Tanasuh,https://tanasuh.tv/category/%d8%a3%d8%ae%d8%a8%d8%a7%d8%b1/%d9%85%d8%ad%d9%84%d9%8a/feed/,empty,0,,2026-07-02T06:32:27Z
libya_herald,Libya Herald,https://libyaherald.com/rss.xml,ok,5,,2026-07-02T06:32:34Z
al_menassa,Al Menassa,https://almenassa.ly/%D8%A7%D9%84%D8%AA%D8%B5%D9%86%D9%8A%D9%81%D8%A7%D8%AA/%d8%b3%d9%8a%d8%a7%d8%b3%d8%a9/%d8%b3%d9%8a%d8%a7%d8%b3%d8%a9-%d9%85%d8%ad%d9%84%d9%8a%d8%a9/feed/,ok,5,,2026-07-02T06:32:46Z
al_mashhad,Al Mashhad,https://news.google.com/rss/search?q=site%3Aalmashhad.com%20%D9%84%D9%8A%D8%A8%D9%8A%D8%A7&hl=ar&gl=LY&ceid=LY:ar,empty,0,,2026-07-02T06:32:56Z
libya_al_ahrar,Libya Al Ahrar,https://libyaalahrar.tv/category/libya/feed/,ok,9,,2026-07-02T06:33:02Z
libya_update,Libya Update,https://libyaupdate.com/national/feed/,ok,13,,2026-07-02T06:33:09Z
akhbar_libya_24,Akhbar Libya 24,https://akhbarlibya24.net/feed,ok,25,,2026-07-02T06:33:26Z
al_sabaah,Al Sabaah,https://alsabaah.ly/category/%d9%84%d9%8a%d8%a8%d9%8a%d8%a7/feed/,ok,2,,2026-07-02T06:33:27Z
al_ain,Al Ain,https://news.google.com/rss/search?q=site%3Aal-ain.com%20%D9%84%D9%8A%D8%A8%D9%8A%D8%A7&hl=ar&gl=LY&ceid=LY:ar,ok,1,,2026-07-02T06:33:30Z
arabi21,Arabi21,https://news.google.com/rss/search?q=site%3Aarabi21.com%20%D9%84%D9%8A%D8%A8%D9%8A%D8%A7&hl=ar&gl=LY&ceid=LY:ar,ok,1,,2026-07-02T06:33:35Z
new_arab,New Arab,https://news.google.com/rss/search?q=site%3Anewarab.com%20Libya&hl=en-US&gl=US&ceid=US:en,empty,0,,2026-07-02T06:33:37Z
ansa,ANSA,https://www.ansa.it/ricerca/ansaen/search.shtml?any=libya,empty,0,,2026-07-02T06:33:39Z
volcanodiscovery,Volcanodiscovery,https://www.volcanodiscovery.com/earthquakes/libya.html,empty,0,,2026-07-02T06:33:48Z
anadolu_agency,Anadolu Agency,https://news.google.com/rss/search?q=site%3Aaa.com.tr%20Libya&hl=en-US&gl=US&ceid=US:en,ok,1,,2026-07-02T06:34:07Z
reuters,Reuters,https://news.google.com/rss/search?q=site%3Areuters.com%20Libya&hl=en-US&gl=US&ceid=US:en,empty,0,,2026-07-02T06:34:10Z
bbc,BBC,https://news.google.com/rss/search?q=site%3Abbc.com%20Libya&hl=en-US&gl=US&ceid=US:en,empty,0,,2026-07-02T06:34:13Z
al_jazeera_ar_libya,Al Jazeera Arabic - Libya,https://www.aljazeera.net/feed,ok,1,,2026-07-02T06:34:14Z
google_news_en,Google News,https://news.google.com/rss/search?q=Libya&hl=en-US&gl=US&ceid=US:en,ok,60,,2026-07-02T06:34:15Z
google_news_ar,Google News,https://news.google.com/rss/search?q=%D9%84%D9%8A%D8%A8%D9%8A%D8%A7&hl=ar&gl=LY&ceid=LY:ar,ok,69,,2026-07-02T06:34:17Z
